client_id,proba
CLI-004593,0.532111499240
CLI-003145,0.382255914050
CLI-003092,0.043450016752
CLI-002921,0.009400861745
CLI-004313,0.996595357041
CLI-000847,0.919451873800
CLI-000228,0.069615390918
CLI-002779,0.677050484482
CLI-000782,0.499692005006
CLI-002147,0.107849547119
CLI-000970,0.343142221692
CLI-004120,0.320314649426
CLI-001369,0.038445807549
CLI-003164,0.034349033151
CLI-002764,0.504865908827
CLI-003655,0.121514724300
CLI-000236,0.005981688582
CLI-000261,0.114816497260
CLI-003239,0.355107607402
CLI-000947,0.078657142750
CLI-002966,0.179599777884
CLI-004519,0.473399722212
CLI-002869,0.023187657221
CLI-004392,0.952289659807
CLI-001275,0.012769056127
CLI-002113,0.060296986660
CLI-002329,0.088961062784
CLI-000305,0.829905467035
CLI-002543,0.014252088961
CLI-003431,0.412546212693
CLI-000676,0.058016470228
CLI-004211,0.073005694193
CLI-003394,0.432385255024
CLI-000854,0.014824039459
CLI-000283,0.300567505431
CLI-003687,0.006076839507
CLI-003033,0.079702435640
CLI-003540,0.013035898858
CLI-003877,0.574086508977
CLI-001695,0.203841287730
CLI-002671,0.033790628156
CLI-002189,0.922009357106
CLI-003819,0.629218389978
CLI-004258,0.008142835208
CLI-000319,0.242963428583
CLI-003202,0.177952604024
CLI-002011,0.008912588306
CLI-000281,0.497403608583
CLI-001408,0.675655230470
CLI-002478,0.032083306698
